{

	"metadata" :
	{
		"formatVersion" : 3.1,
		"generatedBy"   : "Blender 2.66 Exporter",
		"vertices"      : 42,
		"faces"         : 28,
		"normals"       : 28,
		"colors"        : 0,
		"uvs"           : [],
		"materials"     : 1,
		"morphTargets"  : 0,
		"bones"         : 0
	},

	"scale" : 1.000000,

	"materials" : [	{
		"DbgColor" : 15658734,
		"DbgIndex" : 0,
		"DbgName" : "SVGMat.003",
		"blending" : "NormalBlending",
		"colorAmbient" : [0.800000011920929, 0.800000011920929, 0.800000011920929],
		"colorDiffuse" : [0.800000011920929, 0.800000011920929, 0.800000011920929],
		"colorSpecular" : [0.5, 0.5, 0.5],
		"depthTest" : true,
		"depthWrite" : true,
		"shading" : "Lambert",
		"specularCoef" : 50,
		"transparency" : 1.0,
		"transparent" : false,
		"vertexColors" : false
	}],

	"vertices" : [8.78461,-23.3796,5.98444,8.79166,30.1954,5.98448,-16.9676,4.94219,5.98446,-26.4024,4.58246,5.98446,5.68742,36.8489,5.98448,16.0035,36.8912,5.98448,15.8906,-27.415,5.98444,52.0864,-27.415,5.98444,52.0582,-33.4896,5.98444,7.15499,-33.4402,5.98444,-37.4796,-11.5016,5.98445,-30.6629,-11.5016,5.98445,8.78461,-23.3796,-6.01556,8.79166,30.1954,-6.01552,-16.9676,4.94219,-6.01554,-26.4024,4.58246,-6.01554,5.68742,36.8489,-6.01552,15.8906,-27.415,-6.01556,52.0864,-27.415,-6.01556,52.0582,-33.4896,-6.01556,7.15499,-33.4402,-6.01556,-37.5855,24.1866,-6.01553,-30.6629,-11.5016,-6.01555,8.78461,-23.3796,5.98444,8.79166,30.1954,5.98448,-16.9676,4.94219,-6.01554,-16.9676,4.94219,5.98446,-37.4796,-11.5016,-6.01555,-37.4796,-11.5016,5.98445,-37.5855,24.1866,-6.01553,-37.5855,24.1866,5.98447,-30.557,24.1866,-6.01553,-30.557,24.1866,5.98447,-30.6629,-11.5016,-6.01555,-30.6629,-11.5016,5.98445,16.0035,36.8912,-6.01552,16.0035,36.8912,5.98448,15.8906,-27.415,-6.01556,15.8906,-27.415,5.98444,52.0864,-27.415,5.98444,52.0582,-33.4896,-6.01556,52.0582,-33.4896,5.98444],

	"morphTargets" : [],

	"normals" : [0.578265,0.576556,0.577166,-0.578265,0.576556,0.577166,-0.576403,-0.578112,0.577502,0.576403,-0.578112,0.577502,-0.576403,-0.578112,-0.577502,-0.578265,0.576556,-0.577166,0.575579,-0.578906,-0.577532,0.578784,0.576128,-0.577105,0.578784,0.576128,0.577105,0.575579,-0.578906,0.577532,-0.072176,0.186743,0.979736,0.435499,-0.012482,0.900082,-0.813623,0.024232,0.580828,-0.321329,-0.711142,0.625263,-0.321329,-0.711142,-0.625263,0.301462,0.300912,0.904721,0.578265,0.576556,-0.577166,0.576403,-0.578112,-0.577502,-0.299509,0.716178,-0.63036,-0.299509,0.716147,0.63036,0.5768,0.578173,0.577013,0.5768,0.578173,-0.577013,-0.083804,-0.1995,-0.976287,-0.083804,-0.1995,0.976287,0.435499,-0.012482,-0.900082,-0.072176,0.186743,-0.979736,0.301462,0.300912,-0.904721,-0.813623,0.024232,-0.580828],

	"colors" : [],

	"uvs" : [],

	"faces" : [35,32,30,28,34,0,0,1,2,3,35,27,28,30,29,0,4,2,1,5,35,40,18,39,41,0,6,7,8,9,35,23,26,3,9,0,10,11,12,13,35,9,20,40,41,0,13,14,6,9,35,41,39,38,9,0,9,8,15,13,35,30,32,31,29,0,1,0,16,5,35,34,28,27,33,0,3,2,4,17,35,31,32,34,33,0,16,0,3,17,35,33,27,29,31,0,17,4,5,16,35,16,4,36,35,0,18,19,20,21,34,13,16,35,0,22,18,21,34,4,24,36,0,19,23,20,35,4,3,26,24,0,19,12,11,23,35,25,26,23,12,0,24,11,10,25,34,23,9,38,0,10,13,15,35,18,37,38,39,0,7,26,15,8,35,37,18,40,20,0,26,7,6,14,35,24,13,12,23,0,23,22,25,10,35,38,36,24,23,0,15,20,23,10,35,35,36,38,37,0,21,20,15,26,35,12,13,35,37,0,25,22,21,26,35,25,13,24,26,0,24,22,23,11,34,12,37,20,0,25,26,14,35,25,12,20,15,0,24,25,14,27,35,9,3,15,20,0,13,12,27,14,35,16,15,3,4,0,18,27,12,19,35,13,25,15,16,0,22,24,27,18],

	"bones" : [],

	"skinIndices" : [],

	"skinWeights" : [],

	"animation" : {}


}
